Unique ID,Title,Source,Owner,Status,Category,Proposed URL 
1,Box Jellyfish,http://en.wikipedia.org/wiki/Box_jellyfish ,Kathryn,Needs Editing,Ocean ,australiasdeadliest.com/ocean/boxjellyfish
2,Irukandji Jellyfish,http://en.wikipedia.org/wiki/Irukandji_jellyfish,Kathryn,Needs Editing,Ocean ,australiasdeadliest.com/ocean/irukandjijellyfish
3,Different Types of Sharks,http://en.wikipedia.org/wiki/Bull_shark ,Kathryn,Needs Editing,Reptiles,australiasdeadliest.com/reptiles/sharks
4,Eastern Brown Snake,http://en.wikipedia.org/wiki/Eastern_brown_snake,Kathryn,Done,Reptiles,australiasdeadliest.com/reptiles/easternbrownsnake
5,Saltwater Crocodile,http://en.wikipedia.org/wiki/Saltwater_crocodile ,Kathryn,Needs Editing,Reptiles,australiasdeadliest.com/reptiles/saltwatercrocodile
6,Sydney Funnel Web Spider,http://en.wikipedia.org/wiki/Sydney_funnel-web_spider,Kathryn,Needs Editing,Insects,australiasdeadliest.com/insects/funnelwebspider
7,Deadly Spiders,,Kathryn,Needs Editing,Insects,australiasdeadliest.com/insects/deadlyspiders
8,Blue Ringed Octopus, http://en.wikipedia.org/wiki/Blue-ringed_octopus ,Kathryn,Needs Editing,Ocean ,australiasdeadliest.com/ocean/blueringedoctopus
9,Conus,http://en.wikipedia.org/wiki/Conus,Kathryn,Needs Editing,Ocean ,australiasdeadliest.com/ocean/conus
10,Common Death Adder,http://en.wikipedia.org/wiki/Common_death_adder ,Kathryn,Needs Editing,Reptiles,australiasdeadliest.com/reptiles/deathadder
12,Reef Stonefish,http://en.wikipedia.org/wiki/Synanceia_verrucosa ,Kathryn,Needs Editing,Ocean ,australiasdeadliest.com/ocean/reefstonefish
13,Australian Paralysis Tick,http://en.wikipedia.org/wiki/Ixodes_holocyclus,Kathryn,Needs Editing,Insects,australiasdeadliest.com/insects/paralysistick
14,Bull Ant,http://en.wikipedia.org/wiki/Myrmecia ,Kathryn,Needs Editing,Insects,australiasdeadliest.com/insects/bullant
15,Deadly Snakes,,Kathryn,Needs Editing,Reptiles,australiasdeadliest.com/reptiles/deadlysnakes
